site_id,name,country,latitude,longitude,primary_commodity,mine_type,processing_route,tier,year,ore_processed_t,brine_processed_m3,primary_metal_t,metal_basis,withdrawal_ml,cat1_withdrawal_ml,discharge_ml,consumption_ml,delta_storage_ml,reused_recycled_ml,bws_score,bws_category,withdrawal_m3_per_t_ore,consumption_m3_per_t_ore,consumption_m3_per_t_primary_metal,stress_weighted_consumption_ml,balance_residual_pct,assurance,synthetic
MWP-CL-0001,Cerro Andino Copper,CL,-23.62,-68.94,Cu,open_pit,flotation,tier2,2025,45000000,,245500,contained_metal,27000.0,10935.0,420,26240.5,380.0,40014.0,4.8,extremely_high,0.6,0.583,106.9,26240.5,-0.15,limited,True
MWP-CL-0002,Pampa Roja Copper,CL,-22.41,-68.72,Cu,open_pit,heap_leach_sx_ew,tier2,2025,22000000,,78000,contained_metal,3300.0,2805.0,0,3128.7,190.0,4752.0,4.9,extremely_high,0.15,0.142,40.1,3128.7,-0.57,limited,True
MWP-CL-0003,Salar Ventisca Lithium,CL,-23.71,-68.31,Li,brine,brine_evaporation,tier2,2025,,38000000,45000,LCE,38750.0,750.0,0,37595.9,610.0,2034.4,4.5,arid_low_water_use,,,835.5,37595.9,1.4,limited,True
MWP-AR-0004,Puna Alta DLE Lithium,AR,-24.18,-66.72,Li,brine,direct_lithium_extraction,tier2,2025,,25000000,25000,LCE,25420.0,420.0,22500,2878.2,100.0,16014.6,4.5,arid_low_water_use,,,115.1,2878.2,-0.23,reasonable,True
MWP-PE-0005,Quebrada Sol Copper,PE,-17.12,-70.58,Cu,open_pit,flotation,tier2,2025,30000000,,116100,contained_metal,21000.0,18900.0,3500,17910.9,-150.0,39312.0,4.2,extremely_high,0.7,0.597,141.9,17910.9,-1.24,limited,True
MWP-AU-0006,Red Ridge Spodumene,AU,-31.22,119.81,Li,open_pit,dense_media_separation+flotation,tier2,2025,4500000,,78000,LCE,4200.0,420.0,0,4107.0,100.0,5728.8,2.4,medium_high,0.933,0.913,52.7,2053.5,-0.17,reasonable,True
MWP-AU-0007,Tallawong Nickel,AU,-28.61,121.93,Ni,underground,flotation,tier2,2025,2200000,,29900,contained_metal,2600.0,130.0,250,2290.3,50.0,2574.0,2.8,medium_high,1.182,1.041,72.8,1145.2,0.37,limited,True
MWP-AU-0008,Gibber Plains Copper-Gold,AU,-30.58,136.71,Cu,underground,flotation+smelting_refining,tier2,2025,10000000,,162000,contained_metal,11500.0,8625.0,0,11265.6,250.0,15180.0,3.4,high,1.15,1.127,59.1,9012.5,-0.14,reasonable,True
MWP-SE-0009,Norrberg Copper,SE,67.02,20.84,Cu,open_pit,flotation,tier2,2025,42000000,,83200,contained_metal,28000.0,22400.0,21500,6017.0,500.0,71400.0,0.4,low,0.667,0.143,57.9,601.7,-0.06,reasonable,True
MWP-FI-0010,Kivijarvi Nickel,FI,63.91,28.24,Ni,open_pit,bioheap_leach,tier2,2025,13000000,,30000,contained_metal,9500.0,8550.0,7400,1824.7,300.0,16625.0,0.3,low,0.731,0.14,42.6,182.5,-0.26,limited,True
MWP-AT-0011,Alpenglanz Lithium (project),AT,46.88,14.93,Li,underground,dense_media_separation+flotation,tier2,2025,800000,,10000,LCE,350.0,105.0,180,160.0,10.0,490.0,1.4,low_medium,0.438,0.2,16.0,48.0,0.0,none,True
MWP-PT-0012,Serra Clara Lithium (project),PT,41.71,-7.63,Li,open_pit,dense_media_separation+flotation,tier1,2025,1500000,,14000,LCE,900.0,720.0,150,750.0,0,1080.0,3.1,high,0.6,0.5,53.6,600.0,0.0,none,True
MWP-RS-0013,Drina Valley Lithium-Borate (project),RS,44.52,19.21,Li,underground,agitated_leach_sx_ew,tier1,2025,1200000,,18000,LCE,1100.0,440.0,700,390.0,10.0,990.0,2.2,medium_high,0.917,0.325,15.2,195.0,0.0,none,True
MWP-CD-0014,Kalemba Copper-Cobalt,CD,-10.71,25.52,Cu,open_pit,agitated_leach_sx_ew,tier1,2025,6000000,,120000,contained_metal,14000.0,7700.0,8000,4474.9,400.0,7840.0,1.3,low_medium,2.333,0.746,28.0,1342.5,8.04,internal_review,True
MWP-CD-0015,Lufira Cobalt,CD,-11.38,27.31,Co,open_pit,agitated_leach_sx_ew,tier1,2025,1800000,,8000,contained_metal,3800.0,0,1500,2090.9,0,1064.0,1.6,low_medium,2.111,1.162,209.1,627.3,5.5,none,True
MWP-ES-0016,Sierra Morena Copper-Zinc,ES,37.71,-6.62,Cu,open_pit_and_underground,flotation,tier2,2025,5500000,,60000,contained_metal,4800.0,2160.0,1900,2929.4,-100.0,7728.0,4.1,extremely_high,0.873,0.533,34.2,2929.4,1.47,limited,True
MWP-ID-0017,Teluk Biru Nickel HPAL,ID,-2.94,122.18,Ni,open_pit,hpal,tier1,2025,8000000,,60000,contained_metal,30000.0,12000.0,24000,5806.1,200.0,13500.0,0.6,low,3.75,0.726,85.2,580.6,-0.02,limited,True
